John Doe,john@example.com,123-456-7890
Jane Smith,jane@example.com,987-654-3210
Bob Johnson,bob@example.com,555-123-4567
John Doe,john@example.com,123-456-7890
Jane Smith,jane@example.com,987-654-3210
Bob Johnson,bob@example.com,555-123-4567
John Doe,john@example.com,123-456-7890
Jane Smith,jane@example.com,987-654-3210
Bob Johnson,bob@example.com,555-123-4567
John Doe,john@example.com,123-456-7890
Jane Smith,jane@example.com,987-654-3210
Bob Johnson,bob@example.com,555-123-4567
John Doe,john@example.com,123-456-7890
Jane Smith,jane@example.com,987-654-3210
Bob Johnson,bob@example.com,555-123-4567
John Doe,john@example.com,123-456-7890
Jane Smith,jane@example.com,987-654-3210
Bob Johnson,bob@example.com,555-123-4567
John Doe,john@example.com,123-456-7890
Jane Smith,jane@example.com,987-654-3210
Bob Johnson,bob@example.com,555-123-4567
